Date,News Source,Title,Description,SP_Title,SC_Score,SP_Desc,SC_Desc
2021-01-23,Business Standard,"Reliance Industries Q3 Consolidated Pat At Rs 13,101 Cr, Up 12.5% Yoy","Topline takes a hit by 21% as Covid-19 impacts operations, sales",positive,0.9291173,negative,-0.8555486
2021-01-22,Business Standard,"Reliance Retail Q3 Revenue Declines 9.7% To Rs 33,018 Crore; Profit Surges","Yearly numbers are not comparable, RIL said, since the petro retail business, which makes up 40 per cent of the company's retail revenues, has been de...",negative,-0.96147627,negative,-0.90939224
2021-01-22,Press Trust of India,"Reliance Jio Net Profit Rises 15.5% To Rs 3,489 Crore In December Quarter","Jio Platforms, which provides digital and telecom services, had posted a net profit of Rs 3,020 crore in the previous quarter",positive,0.9028996,positive,0.5769603
2021-01-22,Business Standard,"Reliance Retail Pre-Tax Profit Rises 11.8% At Rs 3,102 Crore In Q3","The retail arm of Reliance Industries had posted a pre-tax profit or EBITDA (earnings before interest, tax, depreciation and amortisation) of Rs 2,736...",positive,0.89312416,neutral,0.10483093
2021-01-22,Business Standard,"Sensex Ends At Day'S Low, Down 746 Pts ; Bajaj Auto Jumps 11%; Ril Down 2%",Shares of Reliance Industries ended 2.4 per cent lower on Friday ahead of the announcement of its December quarter results. The shares have surged aro...,negative,-0.9530127,negative,-0.96470654
2021-01-22,Business Standard,"Sbi, Itc, Titan: Over 50% Of Sensex Constituents Look Weak On Charts","Technical indicators show that Bharti Airtel, Sun Pharmaceutical Industries, and ONGC are not showing an optimistic view from a short-term perspective",negative,-0.9452667,negative,-0.5814865
2021-01-22,Business Standard,"Stocks To Watch: Ril, Yes Bank, Vedanta, Hdfc Bank, Sbi Card, Biocon",SBI Cards and Payment Services reported nearly 52 per cent dip in its net profit to Rs 210 crore in the third quarter ended December 2020,neutral,0.03964441,negative,-0.9630237
2021-01-21,Business Standard,"Road To 50K: Sensex Jumps 10,000 Pts In 74 Sessions; These Are Top Gainers","During the 74 sessions, the market capitalisation of the listed firms on BSE soared by Rs 38.55 trillion to Rs 199 trillion",positive,0.8128168,positive,0.9233515
2021-01-21,Business Standard,Ril Hits Over 2-Month High On Sebi Nod To Future Group-Reliance Retail Deal,Sebi gave a go-ahead to Future Group's scheme of arrangement and sale of assets to Reliance,positive,0.885631,neutral,0.09603983
2021-01-21,Business Standard,"Stocks To Watch: Ril, Axis Bank, Bajaj Auto, Bajaj Finance, Lauras Labs","Competition Commission of India approved the acquisition of stake in Max Life Insurance by Axis Bank, Axis Capital and Axis Securities",neutral,0.013906343,positive,0.54171187
2021-01-21,Press Trust of India,"Reliance-Future Deal Gets Sebi Nod, Bse 'No-Adverse-Observation' Status","The Securities and Exchange Board of India (SEBI) allowed the deal with some riders, five months after it was announced last August",positive,0.56192523,positive,0.48073328
2021-01-20,Business Standard,"Rebound In Petchem, Retail Business To Drive Ril Q3; Jiomart Road Map Eyed","JPMorgan would focus on Reliance Industries' management's commentary on Jio Platforms, and Jio Mart rollout",positive,0.91713023,neutral,0.009870376
2021-01-20,Business Standard,"Lupin, Reliance Industries: Stock Picks By Ajit Mishra Of Religare Broking",We're seeing consistent buying interest in the pharma pack and Lupin is also catching up with the other pharma majors,neutral,0.010167979,positive,0.9285196
2021-01-15,Reuters,"Stores Closed By Farmer Protests Cost Reliance, Walmart Millions In Revenue","In November, Punjab estimated economic losses from the protests at $4 billion, while one industry group has pegged the overall hit to India's economy ...",negative,-0.95284736,negative,-0.8978725
2021-01-15,Business Standard,Tcs Market Capitalisation Touches All-Time High Of Rs 12 Trillion,"Currently, TCS is India's second most valuable firm after Reliance Industries (RIL) which has a market cap of nearly Rs 12.9 trillion (includes market...",positive,0.91415215,positive,0.6439875
2021-01-12,Business Standard,Amazon Urges Sebi To Suspend Review Of $3.4 Billion Future-Ril Deal,Amazon also urged Sebi about not granting any no-objection in relation to the same and directing the Indian Stock Exchanges not to issue any no-object...,negative,-0.8581425,neutral,-0.014478695
2021-01-06,Business Standard,"Stocks To Watch: Hdfc Bank, Ril, Bpcl, Oil India, Indigo, Csb Bank, Gcpl","HDFC is planning to raise up to Rs 5,000 crore by issuing bonds on private placement basis",neutral,0.025474902,neutral,0.43284464
2021-01-05,Business Standard,Mukesh Ambani Gets Ready To Alchemise Reliance Industries Into A Tech Giant,Analysts say Ambani offered an opportunity to many global tech companies who were hesitant about negotiating the myriad regulatory challenges in India,neutral,0.09913426,positive,0.860721
2021-01-04,Business Standard,"Reliance Denies Allegations Of Engaging In Contract Farming, Buying Land",RIL has moved the Punjab and Harayana High Court seeking action against destruction of its telecom assets,neutral,-0.12899649,negative,-0.6450954
2021-01-04,Business Standard,Ril Approaches Pb & Hry Hc Seeking End To Vandalism Of Jio Towers In Punjab,Petition states that RIL has not done any 'corporate' or contract farming in the past and has no intention of doing so in the future,positive,0.49541813,neutral,-0.014340114
2021-01-04,Business Standard,"Stocks To Watch: Rcfl, Tata Motors, Ril, Beml, Cadila Health, Adani Green","Tata Motors reported a 21 per cent increase in total vehicle sales in the domestic market to 53,430 units in December",neutral,0.010753384,positive,0.92807716
2021-01-03,Business Standard,Explained: How Farmer Protest Against Reliance Jio Rang Out In Punjab,"Online classes, mobile banking, railway bookings, e-medicine services take a hit",neutral,-0.22913675,neutral,0.08740774
2020-12-31,Business Standard,Reliance Jio Makes Domestic Calls To All Networks Free From January 1,The telco has revoked interconnect usage charges following Trai's announcement earlier this month that the IUC termination for all domestic voice call...,neutral,0.032464944,negative,-0.7683559
2020-12-31,Business Standard,Cycle Indicators That Traders Can Use To Predict Stock Movement,The two major cyclical indicators that assists in identifying the shift in cyclical trend are: Commodity Channel Index (CCI) and Detrended Price Oscil...,neutral,0.014119865,neutral,0.0348048
2020-12-31,Press Trust of India,"Reliance-Bp Invites Bids For Gas From Kg-D6, Priced Against Int'L Benchmark",Reliance and its partner UK's BP invited companies to bid for incremental gas it plans to produce from the second-wave discoveries in the KG-D6 block,positive,0.8783913,positive,0.7031629
2020-12-30,Business Standard,"Covid-19, Us Polls, Atmanirbhar Bharat: Events That Moved Markets In 2020","As we stand ready to draw curtains on 2020 and welcome 2021, here are some events that shaped markets this year",neutral,0.03305804,neutral,-0.008376434
2020-12-30,Bloomberg,Mukesh Ambani Sold Dreams To Tech Giants For $27 Bn. Now He Has To Deliver,Investors are watching Ambani's every move as he overhauls his empire -- with a market value of $179 billion -- in the middle of a pandemic,neutral,0.06443807,neutral,-0.13910636
2020-12-28,Business Standard,"Stocks To Watch: Cadila Health, Niit, Beml, Dish Tv, Ril, Dlf, Coal India",The board of NIIT has approved buyback of 98.75 lakh equity shares of face value of Rs 2 each.,neutral,0.021189636,neutral,0.37021616
2020-12-28,Business Standard,Share Of Family-Owned Firms In Total Market Capitalisation Rises To 64.5%,"The combined m-cap of all private sector companies rose by 24.4 per cent this year to Rs 142.4 trillion as of December 24, up from Rs 114.5 trillion a...",positive,0.92768186,positive,0.92644083
2020-12-26,Business Standard,India'S Super-Rich Club Sees 10 New Entrants In 2020; Wealth Up 33%,"Ramdev, partner see biggest jump in wealth in percentage terms",positive,0.9161831,positive,0.9055944
2020-12-23,Business Standard,"Reliance Emerges As Biggest Wealth Creator Over Last 25 Years, Finds Study","Most of the gains came in the last five years, shows Motilal Oswal's annual wealth creation report",positive,0.82360005,positive,0.5429356
2020-12-21,Business Standard,Delhi Hc Rejects Future'S Plea For Interim Injunction Against Amazon,"On August 29 this year, the Future Group announced sale of its retail and wholesale business to Reliance Retail in a Rs 24,713 crore deal",neutral,-0.30872995,neutral,0.049675904
2020-12-21,Business Standard,"Ril, L&T, Hdfc Bank: Strategies For Blue-Chip Stocks In A Range-Bound Mkt","The Mukesh Ambani-controlled RIL needs to decisively conquer Rs 2,070 mark to attract fresh buying",neutral,0.20453663,positive,0.80974394
2020-12-21,Business Standard,"Stocks To Watch: Ril, Infosys, Pvr, Sci, Canara Bank, Idbi Bank, Ongc",Life Insurance Corporation of India increased stake in Exide Industries to 5.5 per cent from 3.48 per cent earlier,neutral,0.013012642,positive,0.92402065
2020-12-21,Press Trust of India,Market Value Of 8 Of 10 Most Valued Firms Zooms Rs 1.25 Trillion,"HDFC, TCS, and Bajaj Finance emerged as the biggest gainers",neutral,0.0946398,positive,0.7502826
2020-12-20,Business Standard,Ril May Remain Underperformer For Now Amid Lack Of Fresh Triggers,A price hike in telecom can be a trigger in the near-term; gains in oil and retail businesses may play out after a while,negative,-0.9248505,positive,0.84822875
2020-12-20,Press Trust of India,"Reliance, Bp To Get Govt Capped Price Of $4.06 For New Gas From Kg-D6",Reliance-BP in November 2019 auctioned initial gas from the R-Series field at a biddable percentage of Brent crude oil price,positive,0.8444435,neutral,0.17155881
2020-12-19,Business Standard,"Ril, Bp Find Gas From Kg Basin'S R-Cluster, Asia'S Deepest Offshore Field","The two companies are developing three deepwater gas projects in block KG D6, which together are expected to meet 15 per cent of India's gas demand by...",positive,0.61641794,positive,0.80260503
2020-12-08,Business Standard,Reliance Jio To Launch 5G Network In Second Half Of 2021: Mukesh Ambani,"Mukesh Ambani asserted that Reliance Jio's 5G network will be powered by indigenous-developed network, hardware and technology components",neutral,0.08527592,neutral,0.30381894
2020-12-08,Business Standard,Reliance Industries Up 3% On 5G Plans; Sees Rollout In Second Half Of 2021,"Early this year, Mukesh Ambani had announced Reliance Jio's commercial pact with Google to jointly develop entry-level affordable 4G and possibly 5G s...",positive,0.9334146,positive,0.8087007
2020-12-08,Press Trust of India,Jio To Roll Out 5G Services In India In Second Half Of 2021: Mukesh Ambani,"""I assure you that Jio will pioneer the 5G Revolution in India in the second half of 2021. It will be powered by indigenous-developed network, hardwar...",neutral,0.11730975,positive,0.749438
2020-12-08,Bloomberg,India Rally Could Continue Next Year With Banks Taking Over As Ril Peaks,Reliance has accounted for nearly a fifth of the 75 per cent surge in the S&P BSE Sensex from its March bottom,positive,0.6893422,positive,0.84893394
2020-12-03,Press Trust of India,Future-Reliance Deal: Regulator Sebi Awaits Clarification Before Go-Ahead,"In August, Reliance Industries announced acquisition of Future Group for Rs 24,713 crore to bolster its fast growing retail business.",neutral,0.026287474,positive,0.91556245
2020-12-02,Business Standard,Is Reliance Industries' Stock Consolidating Ahead Of Its Next Big Up Move?,"The next positive catalyst may be a sharp refining margin recovery, which is more of a H2CY21 story, says JP Morgan",neutral,-0.058427997,positive,0.8751067
2020-11-27,Reuters,"Battle Of The Billionaires: Bezos, Ambani Gun For India Retail Supremacy","The winner in the fight for Future Retail Ltd, Amazon's estranged local partner, will get pole position in the race to meet the daily needs of more th...",neutral,0.05194123,positive,0.8515366
2020-11-26,Business Standard,"F&O Expiry: Sensex Gains 432 Pts, Settles At 44,260; Nifty Ends At 12,987",All that happened in the markets today,positive,0.34529176,neutral,-0.013500638
2020-11-24,Business Standard,"Stocks To Watch: It, Aviation Stocks, Coal India, Ril, Au Small Fin Bank",Here's a list of stocks that may remain in focus today.,neutral,0.019340577,neutral,-0.018586852
2020-11-23,Business Standard,"Ril, It Stocks Help Sensex Settle 195 Pts Higher; Nifty Ends Above 12,900",All that happened in the markets today,positive,0.8761736,neutral,-0.013500638
2020-11-23,Business Standard,"Future Group Shares, Ril Gain After Cci Nod For Reliance Retail Deal","Future Retail and Future Lifestyle Fashions were locked in 10 per cent upper circuit at Rs 79 and Rs 90.30, respectively, on the BSE",positive,0.8419711,neutral,-0.15955979
2020-11-23,Business Standard,"Stocks To Watch: Banks, Nbfcs, Bharti Airtel, Cg Power, Ril, Srei Infra",Here's a list of stocks that may remain in focus today.,neutral,0.0069340635,neutral,-0.018586852
2020-11-23,Press Trust of India,"Five Of Top-10 Firms Lose Rs 1,07,160 Crore In M-Cap; Ril Top Laggard",Reliance Industries (RIL) emerged as the biggest loser,negative,-0.95472807,negative,-0.7351416
2020-11-20,Business Standard,Cci Gives Nod To Reliance-Future Deal Amid Legal Battle With Amazon,The two players have said that they will go ahead with the regulatory process despite Amazon's objections,positive,0.4720327,positive,0.69397855
2020-11-20,Press Trust of India,Competition Watchdog Clears Reliance-Future Group Deal In Setback To Amazon,"The Competition Commission has approved Reliance's proposed acquisition of retail, wholesale, logistics and warehousing businesses of Future Group.",negative,-0.8955029,positive,0.7414291
2020-11-20,Business Standard,"Do I Have To Ask Amazon Sitting In Us For Deal With Ril, Asks Future Retail",Future Retail which was represented by senior advocate Harish Salve told the court Future Retail does not need to seek permission from Amazon for any ...,neutral,0.007506691,neutral,0.013524098
2020-11-19,Business Standard,"Reliance Retail Completes Rs 47,265 Cr Fund Raise For 10% Stake Sale","Experts say a strategic investor may be inducted later as Reliance Retail prepares to fight Amazon, Walmart-Flipkart and DMart among others",neutral,0.37652355,neutral,0.2901291
2020-11-18,Business Standard,Telecom To Oil Firms: Q2 Results Give No Clear Sign Of Broad Revival,"The economy is on the mend but sustained recovery will take time: that's the picture you get by studying the July-September quarter results of 1,286 l...",neutral,-0.26437062,neutral,0.049286753
2020-11-16,Business Standard,Reliance Retail Buys 96% Stake In Urban Ladder For Over Rs 182 Crore,"The deal is expected to help Mukesh Ambani-headed RIL take on players such as Amazon, Flipkart, Ikea, and smaller rival Pepperfry",neutral,0.075643525,positive,0.8366982
2020-11-16,Press Trust of India,Market Capitalisation Of 8 Of Top-10 Most Valued Firms Zooms Rs 1.9 Trn,"Bajaj Finance emerged as the biggest gainer, reflecting bullish investor sentiment",neutral,0.20761792,positive,0.8975321
2020-11-15,IANS,Reliance Retail Ventures Acquires 96% Holding In Urban Ladder For Rs 182 Cr,RRVL proposes to make a further investment of up to Rs 75 crore. The further investment is expected to be completed by December 2023,neutral,0.06850628,neutral,0.3452023
2020-11-14,Press Trust of India,Ril Invests $50 Million In Bill Gates' Breakthrough Energy Ventures,"In a filing to stock exchanges, Reliance said it would make the investment in tranches over the next 8 to 10 years",neutral,0.11484749,neutral,0.08235574
2020-11-13,Business Standard,"Stocks To Watch: Ril, Wipro, Eicher Motors, Tata Steel, Grasim, Tcs, Ongc",Here's a list of stocks that may trade actively in today's session.,neutral,0.0071433503,neutral,0.013580952
2020-11-13,Business Standard,"Despite The Dispute With Amazon, New 'Future' Awaits Kishore Biyani","Despite the dispute with Amazon, Future group and Reliance seem determined to execute their nearly Rs 25,000-cr transaction. What is Kishore Biyani le...",positive,0.82596433,positive,0.9150875
2020-11-11,Bloomberg,"After Telecom, Mukesh Ambani Now Targets Online Retail With A Price War","Ratcheting up competition, Ambani's portals are offering blockbuster discounts of as much as 50% on sugary confections and other holiday staples like ...",neutral,0.07593596,positive,0.8032843
2020-11-06,Business Standard,"Indices Rally For 5Th Straight Day, Sensex Up 553 Pts; Ril, Financials Gain",All that happened in the markets today,positive,0.8759268,neutral,-0.013500638
2020-11-06,Business Standard,"Ril Gains 3% As Saudi Fund Invests Rs 9,555 Crore In Reliance Retail",RIL has now recovered 9 per cent in past three trading days and erased most its losses reported post September quarter results,positive,0.9119349,positive,0.85290825
2020-11-05,Business Standard,Sat Dismisses Ril Appeal Against Sebi Order Seeking Payment Of Rs 447 Cr,"While dismissing RIL's appeal, SAT directed the company to pay Rs 447 crore along with a simple interest of 12 per cent from November 2007 within 60 d...",positive,0.2564333,positive,0.47901428
2020-11-05,Business Standard,Saudi Arabia'S Wealth Fund Buys 2.04% Stake In Reliance Retail Ventures,Saudi Crown Prince Mohammed bin Salman bin Abdulaziz Al Saud (colloquially known as MBS) is the chairman of PIF,neutral,0.058267273,neutral,0.021272574
2020-11-03,Bloomberg,Ambani Vs Bezos: A $3.4 Bn Battle For A Pole Position In Indian Market,"By seeking to stall Ambani's purchase of Future, Bezos may be signaling that he would rather remain a rival",positive,0.8335841,neutral,-0.33309045
2020-11-03,Business Standard,Widening Gap: Why Ril Earnings Have Lagged Behind The Rise In Its M-Cap,"Its m-cap is up 150 per cent in 12 quarters, against 24 per cent cumulative growth in net profit",negative,-0.6084456,positive,0.93278277
2020-11-02,Business Standard,"Bank Nifty Posts Biggest Gain In 5 Months, Offsets Reliance Losses",Catch-up rally in banking stocks on better-than-expected Q2; analysts expect the momentum to sustain,positive,0.9003919,positive,0.9250236
2020-11-02,Business Standard,Markets: Indices End Choppy Trade Higher; Sensex Up 144 Pts; Ril Sinks 9%,All that happened in the markets today,positive,0.54081196,neutral,-0.013500638
2020-11-02,Business Standard,Is Ril'S Dream Run At The Bourses Over? Check What Technical Charts Suggest,"Shares of Reliance Industries (RIL) slipped over 5 per cent on Monday morning to Rs 1,948 levels, reacting to the September 2020 quarter numbers relea...",neutral,-0.16463879,negative,-0.96582115
2020-11-02,Business Standard,"Reliance Industries Slips 5.5% Post Q2 Results, Hits Over Three-Month Low","Key downside risks to the RIL stock include deterioration in refining margins, continued weakness in petrochemical margins, and sharper rupee apprecia...",negative,-0.9612117,negative,-0.9537755
2020-11-02,Business Standard,"Stocks To Watch: Ril, Icici Bank, Maruti, M&M, Hero Moto, Indusind Bk, Hdfc",Here's a list of stocks that may trade actively in today's session,neutral,0.021514205,neutral,0.016255341
2020-11-02,Business Standard,"Stock Suggestions By Vaishali Parekh: Buy Reliance Industries, Tata Motors","The stock of Reliance Industries (RIL) has recently corrected well and now has shown signs of bottoming out near 2,000 levels",neutral,0.030351019,negative,-0.9514293
2020-11-01,Business Standard,"Ril To Go For More Acquisitions To Boost Jiomart, Take On Amazon, Flipkart","Speculation had also mounted of possible acquisitions of Urban Ladder and Milkbasket in online furniture and grocery delivery spaces respectively, tho...",neutral,0.38409945,neutral,0.28754786
2020-11-01,Business Standard,"Retail, Telecom Rebound To Boost Near-Term Sentiment For Ril Stock: Experts","The two segments account for half the consolidated operating profit, with retail being the key outperformer in Q2",positive,0.93235546,positive,0.052399248
2020-10-31,Business Standard,"Ril Profit Slips 15% To Rs 9,567 Crore As Covid-19 Hits Oil Business",Revenue in line with estimates; profits beat expectations partly due to lower taxes; Ebitda for refining biz declines 21.4% QoQ,negative,-0.9632444,positive,0.41207394
2020-10-30,Business Standard,"Market Wrap: Sensex Ends Choppy Session 136 Pts Lower; Nifty Ends At 11,642",Catch all the live market updates here.,negative,-0.9530463,neutral,0.006582059
2020-10-30,Business Standard,"Stocks To Watch: Tata Group Stocks, Ril, Voda Idea, Hpcl, Canara Bank, Mcx",Here's a list of stocks that may trade actively in today's session.,neutral,0.017178366,neutral,0.013580952
2020-10-27,Business Standard,Future Group-Amazon Legal Tussle: What Are The Challenges Ahead,"Experts share their insights on the enforceability of SIAC's interim order in India and the legal options before the players, namely Future group, Ama...",neutral,-0.3776327,neutral,0.15860839
2020-10-26,Press Trust of India,"Bp Eyes India'S Fuel Market, Wants Natural Gas Under Gst Regime","BP Group chief executive Bernard Looney said his firm in partnership with Reliance will set up 5,500 retail sites for petrol and diesel; also offer mo...",neutral,0.071207255,positive,0.66175026
2020-10-26,Business Standard,"Market Wrap: Sensex Tanks 540 Pts In Broad-Based Sell-Off, India Vix Up 5%",All that happened in the markets today,positive,0.84040034,neutral,-0.013500638
2020-10-26,Business Standard,"Future Retail, Indusind Bank, L&T: How To Trade These News-Driven Stocks?","After facing resistance at the 100-day moving average (DMA), placed at Rs 925, L&T has now managed to conquer the level decisively.",neutral,0.015229009,positive,0.9291668
2020-10-26,Business Standard,Future Group Stocks Under Pressure As Deal With Reliance Put On Hold,"Reliance Industries, too, dipped 2 per cent on the BSE",negative,-0.43109825,negative,-0.95580626
2020-10-26,Business Standard,"Stocks To Watch: Nestle, Jsw Steel, Tech Mahindra, Polycab, Sbi Life, L&T",Here's a list of stocks that may trade actively in today's session.,neutral,0.0062773656,neutral,0.013580952
2020-10-26,Press Trust of India,"Reliance Industries Restores Salary, Offers Bonus In Hydrocarbon Arm","The firm is also offering an advance 30 per cent of the variable pay from the next year's salary to its employees, as a goodwill gesture for working d...",positive,0.5961173,positive,0.77797824
2020-10-22,Press Trust of India,Foreign Investor Holding In Reliance Industries Rises To Record 27.2% In Q2,Reliance Industries (RIL) on Thursday filed a statement showing the shareholding pattern for the quarter ended September 30,positive,0.9242417,neutral,-0.018103903
2020-10-21,Business Standard,"Stocks To Watch: Reliance Ind, Prabhat Dairy, Bajaj Finance, Motherson Sumi",Here is a list of stocks that may trade actively today,neutral,0.010706985,neutral,0.008164175
2020-10-21,Business Standard,Time To Invest In Cyclicals As Economic Recovery Gathers Steam: Analysts,"Despite the large economic impact of the Covid-19 pandemic, the markets have recovered sharply even though the performance among individual stocks has...",neutral,0.19352315,positive,0.91285866
2020-10-17,Business Standard,Chris Wood Hikes Allocation To Indian Equities; Raises Stake In Hdfc,"Among Indian stocks, besides HDFC, Wood also holds Reliance Industries (RIL), Maruti Suzuki, SBI Life Insurance, DLF and Cipla",positive,0.594294,neutral,0.027358035
2020-10-16,Business Standard,Reliance Deals Accounted For 40% Of All Pe-Vc Investments In Jan-Sep 2020,"Overall, private equity and venture capital firms' investments in Indian companies during the first nine months of 2020 declined 21% by value on a yea...",neutral,0.029263873,negative,-0.96606517
2020-10-15,Business Standard,"Ril'S Retail Arm Receives Rs 5,550 Crore From Private Equity Firm Kkr","Reliance Retail has raised Rs 37,710 cr from multiple investors so far",positive,0.7364033,positive,0.69977427
2020-10-15,Business Standard,"These Tata, Birla, Ambani Group Stocks Can Make You Rich. Check Key Levels","From a medium-term perspective, these 6 stocks should provide a good upside from the current levels. Also, these stocks can mitigate the risks in port...",neutral,0.088438585,positive,0.92482454
2020-10-13,Business Standard,"Reliance Jio, Bharti Airtel Ring In Active Vs Inactive Subscriber Battle",Jio had over 87 million users who were inactive customers in June. That means only 78.15 per cent of its total subscriber base was active,positive,0.44362873,negative,-0.7833919
2020-10-12,Business Standard,Private Equity Firm Blackstone Seeks Clarity On Reliance-Future Deal,"Fate of PE firm's Rs 1,750-crore investment remains uncertain",neutral,0.078389764,neutral,-0.22411099
2020-10-09,Business Standard,Amazon'S Arbitration Proceedings Against Future Group May Start From Nov,This follows a dispute over the Future's sale of its retail and wholesale businesses to Reliance Industries Ltd (RIL),neutral,-0.23777688,negative,-0.69612014
2020-10-09,Business Standard,Bse Listed Companies' Market-Cap Hits Record High At Rs 160.68 Trillion,"The S&P BSE Sensex is just 4 per cent away from its all-time high level of 42,273.87, touched on January 20, 2020.",positive,0.8674326,negative,-0.81253946
2020-10-09,Business Standard,"Future Group, Amazon To Initiate Arbitration Proceedings Over Ril Deal",Amazon says the deal violates the no-compete contract signed with the Future group and the RIL-Future deal will derail its plans to buy a stake in Fut...,negative,-0.8454417,negative,-0.9531666
2020-10-08,Press Trust of India,Jio Designed To Help India Lead Fourth Industrial Revolution: Mukesh Ambani,"While it took 25 years for the Indian telecom industry to build its 2G network, Jio built its 4G network in only three years.",neutral,0.081537485,positive,0.57387334
2020-10-07,Reuters,Amazon Sends Legal Notice To Future Group Over Reliance Deal: Report,"Amazon, in its legal notice, cited a contract arrangement that included ""a restricted list"" of companies Future was not supposed to enter deals with, ...",neutral,-0.0684807,negative,-0.56180394
2020-10-07,Business Standard,"Market Wrap:  Sensex Rises For 5Th Day, Ends 304 Pts Higher; Titan Gains 4%",All that happened in the markets today,positive,0.8948546,neutral,-0.013500638
2020-10-07,Business Standard,Reliance Retail Vs Dmart: Why Ubs Thinks Ril May Emerge As The Winner,"ADIA joins the league of Silver Lake, KKR, General Atlantic, Mubadala Investment Company, GIC, and TPG who have cumulatively invested Rs 37,710 crore ...",neutral,0.16853108,neutral,0.15573823
2020-10-07,Business Standard,Ril Up 3% As Abu Dhabi Investment Authority Picks Stake In Reliance Retail,"With this investment, RRVL has raised Rs 37,710 crore from leading global investors including Silver Lake, KKR, General Atlantic, Mubadala, GIC, TPG a...",positive,0.829731,positive,0.7922203
2020-10-07,Business Standard,"Stocks To Watch: Tcs, Sbi, Ril, Bajaj Finance, Dixon Tech, Psp Projects",Here's a list of stocks that may trade actively in today's session.,neutral,0.01674063,neutral,0.013580952
2020-10-07,Business Standard,Reliance Retail Ventures Likely To Divest Only 10-15% Stake: Sources,"The large divestment was aimed at making RIL debt-free much earlier than its target of next March. RIL had a net debt of over Rs 160,000 crore",neutral,-0.032398146,positive,0.8190995
2020-10-07,Business Standard,"Abu Dhabi Investment Authority Invests Rs 5,512.50 Cr In Reliance Retail","With eight deals in four weeks, analysts were expecting the valuation of the firm to touch at least Rs 4.5 trillion",neutral,0.06162349,positive,0.72394884
2020-10-05,Bloomberg,Can A Tata Vs Ambani 'Super-App' Battle Make Them India'S Alibaba-Tencent?,"The 152-year-old Tata Group is talking to Walmart Inc. for a $25 billion investment in a ""super-app,"" a multipurpose online platform",neutral,0.28008097,neutral,0.30030122
2020-10-05,Business Standard,"Market Wrap: Sensex Up 277 Pts; Tcs' M-Cap Tops Rs 10 Trn, Stock Jumps 7%",All that happened in the markets today,positive,0.90205556,neutral,-0.013500638
2020-10-05,Business Standard,"Stocks To Watch: Tcs, Ril, Tata Motors, Vedanta, Banks, Hindalco, Hero Moto",Here's a list of stocks that may trade actively in today's session.,neutral,-0.0006768573,neutral,0.013580952
2020-10-03,Reuters,"Gic, Tpg To Invest About $1 Billion In Retail Arm, Says Reliance Industries","GIC will invest Rs 5,512 crore for a 1.22% stake, while TPG Capital will invest Rs 1,838 crore to own a 0.41% equity stake in the retail arm",neutral,0.3651595,neutral,0.030925183
2020-10-03,Business Standard,India Inc Seeks To Pare Debt Via Invits As Foreigners Are Keen To Invest,"High interest rates, low-risk model key attractions for overseas investors",positive,0.7650656,neutral,0.30474052
2020-10-03,IANS,"Investment Fund Tpg To Invest Rs 1,837 Crore In Reliance Retail Ventures",This investment values Reliance Retail at a pre-money equity value of Rs 4.285 trillion,neutral,0.24419342,neutral,0.0936238
2020-10-03,Business Standard,"Singapore'S Gic To Invest Rs 5,512.5 Crore In Reliance Retail Ventures",GIC's investment will translate into a 1.22% equity stake in Reliance Retail on a fully diluted basis.,neutral,0.121977895,neutral,0.036200833
2020-10-02,Business Standard,Rising In The Pandemic: What Makes Reliance So Attractive For Investors?,Reliance has raised more than $20 billion by selling stakes in Jio Platforms. Global investors including Facebook and Google bought a combined 33% in ...,neutral,0.012893297,positive,0.57946175
2020-10-02,Business Standard,How Is Dmart Planning To Take On Mukesh Ambani'S Reliance Retail,Ramping up e-commerce operations and going beyond its current strongholds are key challenges for the grocery chain in its battle with Mukesh Ambani's ...,neutral,0.022819802,positive,0.85982317
2020-10-02,Business Standard,"Reliance Jio'S Fibre Arm To Raise Rs 14,700 Cr Through Invit Offer","Another Rs 25,000 cr to be raised by way of debt",positive,0.61292475,neutral,0.13146108
2020-10-02,Business Standard,"Mubadala Picks Up 1.4% Stake In Reliance Retail For Rs 6,247 Crore","This would take the combined investment by Silver Lake and its co-investors in Reliance Retail to Rs 9,375 crore in exchange for a 2.13 per cent stake",neutral,0.10887399,neutral,0.31006217
2020-10-01,Press Trust of India,"Mubadala Picks Up 1.4% Stake In Reliance Retail For Rs 6,247.5 Cr",This is the second investment by Mubadala in a subsidiary of Reliance Industries,neutral,0.08694602,neutral,0.03978734
2020-10-01,Business Standard,Market Wrap: Sensex Jumps 629 Pts On Broad-Based Buying; Nifty Bank Up 3.7%,All that happened in the markets today,positive,0.8911507,neutral,-0.013500638
2020-10-01,Business Standard,"Stocks To Watch: Ril, Cams, Chemcon Speciality, Dhanlaxmi Bank, Auto Stocks",Here's a list of stocks that may trade actively in today's session.,neutral,0.007951416,neutral,0.013580952
2020-10-01,Business Standard,"General Atlantic To Invest Rs 3,675 Cr Into Reliance Retail For 0.84% Stake",Strategic investor to be inducted later; General Atlantic becomes third PE firm to infuse funds,neutral,0.07206954,neutral,0.39206478
2020-09-30,Press Trust of India,"Silver Lake Co-Investors To Further Invest Rs 1,875 Cr In Reliance Retail","This brings the aggregate investmentby Silver Lake and its co-investors in RRVL to Rs 9,375 crore, which will translate into a 2.13%  equity stake in ...",neutral,0.38865918,neutral,0.36052248
2020-09-30,Business Standard,"Market Wrap: Sensex Gains 95 Pts, Nifty Ends At 11,227; Fmcg Stocks Advance",All that happened in the markets today,positive,0.79199237,neutral,-0.013500638
2020-09-30,Business Standard,"Ril Gains 1% As General Atlantic To Invest Rs 3,675 Cr In Reliance Retail",General Atlantic's investment will translate into a 0.84 per cent equity stake in RRVL. The deal values Reliance Retail at a pre-money equity value of...,positive,0.91799206,neutral,0.06644647
2020-09-30,Business Standard,"General Atlantic To Invest Rs 3,675 Cr In Reliance Retail For 0.84% Stake","This is the second such investment by General Atlantic in a Reliance venture following a Rs 6,598.38 crore investment in Jio Platforms announced earli...",neutral,0.07433437,neutral,0.15944555
2020-09-30,Business Standard,"Stocks To Watch: Ril, Lvb, Indiabulls Housing Finance, Pvr Ltd, It Stocks",Here's a list of stocks that may trade actively in today's session.,neutral,0.013885088,neutral,0.013580952
2020-09-29,Reuters,Mubadala In Advanced Talks To Invest Up To $1 Bn In Reliance Retail: Report,Reliance Retail is on a fund raising spree and has secured around $1.8 billion in the past few weeks from KKR & Co and Silver Lake Partners,neutral,0.19062874,positive,0.7592692
2020-09-28,Business Standard,Virtual Agms See Lower Shareholder Representation Amid Covid-19 Pandemic,"TCS and M&M were outliers, recording a two-fold rise in representation",negative,-0.93426365,positive,0.9171926
2020-09-28,Business Standard,"Stocks To Watch: Lakshmi Vilas Bk, Ril, Jsw Energy, Voda Idea, Surya Roshni",Here's a list of stocks that may trade actively in today's session.,neutral,0.030734614,neutral,0.013580952
2020-09-25,Business Standard,Bharti Airtel Gains 5% After Falling 11% In 2 Trading Sessions,"A lack of tariff hike visibility in the near term, success of Jio's renewed post-paid push, delayed reaction from Bharti to counter Jio will determine...",negative,-0.84184146,negative,-0.63746965
2020-09-25,Business Standard,"Stocks To Watch: It Stks, Cipla, Ril, Tcs, Tata Coffee, Mahindra & Mahindra",Here's a list of stocks that may trade actively in today's session,neutral,0.0075651575,neutral,0.016255341
2020-09-25,Business Standard,"Ril In Talks To Buy Electronics Chain In South, Deal May Hit Rs 3,000 Cr","Electronics Mart runs 60 stores and has 1.200 employees; chain was started in 1980 by local businessman Pavan Kumar Bajaj as ""Bajaj Electronics"" and l...",positive,0.4939727,neutral,0.028598607
2020-09-24,Business Standard,Reliance Jio Starts In-Flight Mobile Services In 22 International Airlines,"Reliance Jio has partnered with 22 international airlines for in-cabin mobile services, including voice, data and SMS",neutral,0.27848828,positive,0.8112087
2020-09-24,Business Standard,"Global Sell-Off, Lockdown Fear: 5 Reasons Why Sensex Tanked 1,115 Pts Today","The S&P BSE Sensex plunged 1,172 points in the intra-day deals on the BSE, while Nifty50 index tanked 342 points on the NSE",negative,-0.5859325,negative,-0.9545679
2020-09-24,Business Standard,"Pe Firm Kkr Picks Up 1.28% Stake In Reliance Retail For Rs 5,550 Crore",Second PE deal in two weeks; valuation same at Rs 4.2 trillion,neutral,0.13397129,positive,0.30309355
2020-09-23,Business Standard,"Market Wrap: Indices End Flat, Sensex Slips 66 Pts; Bharti Airtel Falls 8%",All that happened in the markets today,negative,-0.95407134,neutral,-0.013500638
2020-09-23,Business Standard,"Kkr To Invest Rs 5,550 Crore In Reliance Retail Ventures For 1.28% Equity","Earlier, Silver Lake had invested Rs 7,500 cr into Reliance Retail Ventures, valuing the business at about Rs 4.2 trillion",neutral,0.119342156,neutral,0.09042315
2020-09-23,Business Standard,"Telecom Shares Under Pressure; Bharti Airtel, Vodafone Idea Slip Over 6%","Reliance Jio announced a range of postpaid plans, including many firsts such as in-flight mobile connectivity",negative,-0.9480821,positive,0.7850742
2020-09-23,Business Standard,"Ril, Tv18 Broadcast: How To Trade Reliance Group Stocks Post 2Nd Kkr Deal","RIL soared 3 per cent to Rs 2,276.50 on the BSE on Wednesday in intra-day trade, after the company announced that global investment firm KKR will inve...",neutral,0.097157486,positive,0.9253151
2020-09-23,Business Standard,"Ril Soars 3% As Kkr To Pick 1.28% Stake In Reliance Retail For Rs 5,550 Cr","This marks the second investment by KKR in a Reliance subsidiary following Rs 11,367 crore-investment in Jio Platforms announced earlier this year",positive,0.56381637,neutral,0.13001658
2020-09-23,Business Standard,"Stocks To Watch: Ril, Sun Pharma, Tata Group Stocks, Ioc, Airtel, Voda Idea",Here's a list of stocks that may remain in focus today.,neutral,0.013630459,neutral,-0.018586852
2020-09-22,Business Standard,Reliance Jio Announces Range Of Postpaid Plans To Take On Rivals,"In the June quarter, Airtel had the highest ARPU among telecom companies of Rs 157 followed by Jio (Rs 140).",neutral,0.13113269,positive,0.8816161
2020-09-22,Business Standard,Jio Announces Jiopostpaid Plus Plans With Free Ott Apps Subscription & More,"The Reliance Jio's JioPostpaid plans come bundled with free access to Jio apps suite. The plans start at Rs 399 and goes up to Rs 1,499",neutral,0.13068108,neutral,0.067603715
2020-09-20,Business Standard,"Street Signs: Sebi Nav Rule, More Bumper Listings On The Cards, And More",Market players believe the new Sebi rule on net asset values (NAVs) will help capture the transactions on both asset and liability sides without any l...,neutral,0.014103854,positive,0.72730476
2020-09-16,Business Standard,Reliance Ind'S Partly Paid Shares Rally Over 100% Since Listing On June 15,"The stock had made a stellar debut with the scrip ending at Rs 698, a 122% premium against the issuance price of Rs 314.25. Coupled with the listing d...",positive,0.9129889,positive,0.9211236
2020-09-15,Business Standard,"Stocks To Watch: Sail, Strides Pharma, Nbcc, Icici Bank, Future Enterprises",Here's a list of stocks that may remain in focus today.,neutral,0.012640946,neutral,-0.018586852
2020-09-13,Business Standard,Markets Likely To Stay In 'Buy On Dips' Phase: Bernstein'S Venugopal Garre,"Markets have run ahead of fundamentals, but this has been a broad global trend, says Venugopal Garre",neutral,0.078343496,positive,0.613822
2020-09-13,Business Standard,"At $200-Billion Market Capitalisation, Reliance Industries Isn'T Like Faang",Morgan Stanley analysed how the Mukesh Ambani-led firm stacked up against eight global firms when they crossed the $200-billion milestone,neutral,-0.030472685,positive,0.8865156
2020-09-12,Bloomberg,"For Big Tech, All Roads To India'S Digital Space Seem To Go Through Ambani",The 63-year-old Indian tycoon has identified technology and retail as future growth areas in a pivot away from the energy businesses he inherited from...,neutral,0.044335444,positive,0.4866764
2020-09-11,Bloomberg,Mukesh Ambani'S $2 Chutzpah Unlocks Another Fortune For Reliance Industries,"In four years, the Indian billionaire has amassed roughly 400 million customers for his mobile data business",positive,0.87796426,neutral,0.11302321
2020-09-11,Business Standard,"Can Reliance Industries' Stock Hit Rs 3,000 Mark? Here'S What Charts Say","As per the weekly chart, the counter looks highly bullish till Rs 2000 level is defended. It also indicates a substantial rally is likely to emerge on...",neutral,0.09156847,positive,0.3394983
2020-09-11,Business Standard,"Stocks To Watch: Info Edge, Thyrocare Tech, Adani Green, Irctc, Ril, Yes Bk",Here's a list of stocks that may trade actively in today's trading session.,neutral,0.0870089,neutral,0.009670101
2020-09-11,Bloomberg,Reliance To Offer $20-Bn Stake In Retail Business To Amazon: Report,"Amazon hasn't made any final decision on the size of its potential investment, says Bloomberg",neutral,0.12539227,neutral,-0.0026601963
2020-09-10,Business Standard,"New Hiring At Ril Starts Tapering, Standalone Employee Count Declines","According to data RIL collates on its website, the company's number of employees in FY20 at a standalone level declined 9 per cent year-on-year",negative,-0.9310871,negative,-0.9358967
2020-09-10,Business Standard,Reliance Industries Becomes First Indian Firm To Top $200 Bn Market Cap,"TCS is a distant second with market cap of $119 bn; Meanwhile, Mukesh Ambani cements his place as richest man in Asia, seventh-richest globally. His w...",positive,0.6375017,positive,0.8282407
2020-09-10,Business Standard,Reliance Offers Amazon $20-Billion Stake In Retail Arm: Report,The report comes a day after RIL announced that US private equity firm Silver Lake Partners would buy a 1.75 per cent stake in Reliance Retail for Rs ...,neutral,0.06806224,neutral,0.05458905
2020-09-10,Business Standard,Reliance Industries Hits Record High; M-Cap Crosses Rs 15 Trillion Mark,"The stock has gained 10 per cent in the past two trading days after Silver Lake on Wednesday agreed to invest Rs 7,500 crore ($1 billion) into Relianc...",positive,0.8856342,positive,0.9342901
2020-09-10,Business Standard,"Market: Sensex Ends 646 Pts Higher As Ril Jumps 7%; Nifty Settles At 11,449",All that happened in the markets today,positive,0.85992503,neutral,-0.013500638
2020-09-10,Business Standard,"Stocks To Watch: Ril, Bharat Dynamics, Indiabulls Housing Fin, Adani Power",Here's a list of stocks that may trade actively in today's session.,neutral,0.016558565,neutral,0.013580952
2020-09-10,Reuters,Middle East Funds Eye Stakes Worth Over $750 Mn In Reliance Retail: Report,The discussions come as Reliance earlier in the day said US private equity firm Silver Lake Partners will invest $1.02 billion in its retail business,neutral,0.057175323,neutral,0.19928463
2020-09-09,Business Standard,Reliance Industries: Retail Valuations May Cap Near Term Upsides For Stock,The investment for a 1.75 per cent equity stake values the retail business at Rs 4.21 trillion,negative,-0.7080061,neutral,0.10490661
2020-09-09,Bloomberg,Kkr In Advanced Talks To Invest $1 Billion For Stake In Reliance Retail,"KKR is in discussions for a stake in Reliance Retail Ventures Ltd., a unit of the largest retailer in India, said the people, who asked not to be iden...",neutral,0.18925306,neutral,0.050043736
2020-09-09,Business Standard,"Ril Gains 1% As Silver Lake To Invest Rs 7,500 Crore In Reliance Retail",This investment values RRVL at a pre-money equity value of Rs 4.21 trillion,positive,0.91735345,neutral,0.03049146
2020-09-09,Business Standard,"Silver Lake To Invest Rs 7,500 Cr In Reliance Retail For 1.75% Equity",The investment in Reliance Retail comes a day after it led a $500 million funding round for Byju's that valued the Indian online education platform at...,neutral,0.07842086,positive,0.6913329
2020-09-08,Business Standard,"Market: Sensex Erases Day'S Gains, Ends 52 Pts Lower; Bharti Airtel Dips 3%",All that happened in the markets today,negative,-0.954521,neutral,-0.013500638
2020-09-08,Business Standard,"Stocks To Watch: Banks, Ril, Vodafone Idea, Irctc, Bharat Dynamics, Wipro",Here's a list of stocks that may trade actively today.,neutral,0.008586282,neutral,0.015904807
2020-09-08,Business Standard,"Reliance Industries Taps Facebook, Kkr For Investment In Retail Biz",Silver Lake Partners reportedly eyeing stake worth $1 billion in Reliance Retail,neutral,0.4147024,neutral,0.09964653
2020-09-07,Business Standard,"Bofa Securities Bets On Ril'S 'Layer Of Commerce', Maintains 'Buy'","RIL's approach of owning the ""pipe"" as well as the ""services"" offered on the pipe should help it keep the subscriber base captive, the brokerage says.",neutral,0.07653629,positive,0.866977
2020-09-06,Press Trust of India,"8 Of Top-10 Valued Firms Lose Rs 1.11 Trn In M-Cap; Icici, Ril Worst Hit",Tata Consultancy Services and HDFC Bank were the only gainers among the 10 most valued listed firms,negative,-0.9505797,neutral,0.3035175
2020-09-04,Business Standard,Market: Sensex Tanks 634 Pts On Broad-Based Sell-Off; Nifty Bank Slips 2%,All that happened in the markets today,negative,-0.6598924,neutral,-0.013500638
2020-09-04,Business Standard,"Stocks To Watch: Ril, Infosys, Vodafone Idea, Itc, Tata Motors, Kec Int'L",Here's a list of stocks that may trade actively in today's session.,neutral,0.010751024,neutral,0.013580952
2020-09-04,Reuters,Silver Lake In Talks To Take $1 Billion Stake In Reliance Retail: Report,"Reliance, an oil-to-telecoms conglomerate controlled by India's richest man, Mukesh Ambani, is pitching its retail business as a formidable force",neutral,0.051447663,positive,0.78181285
2020-09-02,Business Standard,"Isha, Akash Ambani, Byju, Poonawalla Debut On Fortune'S '40 Under 40' List","The list covers five sectors including finance, technology, health, government/politics and media/entertainment",neutral,0.13222101,neutral,-0.0037346128
2020-09-02,Press Trust of India,"Isha, Akash Ambani, Byju Debut On Fortune'S '40 Under 40' Influencer List",Fortune magazine said executives have moved quickly to support and empower employees while grappling with daunting challenges to the way their busines...,neutral,0.09475214,positive,0.86149085
2020-09-02,Business Standard,"Why Premjis, Ambanis And Nadars Beat Non-Family Run Companies","Family-owned businesses outdo peers in returns since 2006, suggests a Credit Suisse report",neutral,0.0019681714,negative,-0.50945145
2020-09-01,Reuters,Reliance Future-Proofs Retail Arm As It Seeks To Woo Potential Investors,"The acquisition of Future Group's 2,000 retail stores and Big Bazaar grocery chain will help Reliance, which sells everything from groceries to electr...",positive,0.6016459,positive,0.88735443
2020-09-01,Business Standard,"Sensex Up 273 Pts; Bharti Airtel Up 7%, Voda Idea Dips 13% Post Agr Verdict",All that happened in the markets today,positive,0.65702724,neutral,-0.013500638
2020-09-01,Business Standard,Voda Idea Slips 25% From Day'S High; Airtel Up 6% Post Sc Agr Verdict,The Supreme Court has allowed telcos to pay their outstanding dues in 10 years.,negative,-0.33499423,positive,0.49622676
2020-09-01,Business Standard,Ambani-Biyani Deal: Future Group'S Footprint To Shrink By 80% In Revenue,"Future would be one of the top contract manufacturers in FMCG, fashion space but with wafer-thin margin",negative,-0.9307928,neutral,0.4689491
2020-09-01,Business Standard,"Jio Takes On Rivals, Rolls Out New Broadband Plans Starting At Rs 399",Plans to be rolled out from today,positive,0.7052707,neutral,0.07449049
2020-08-31,Business Standard,Ambani-Biyani Deal: Retail Arm Leads Future Firms' Rally On Bourses,"As part of the deal announced on Saturday, Future Group will be selling its retail assets to Reliance Retail in a deal pegged at Rs 24,713 crore",positive,0.86149126,neutral,0.040447183
2020-08-31,Business Standard,Reliance Retail-Future Group Deal: Traders Worried Over Retail Mkt Monopoly,"Praveen Khandelwal, secretary general of Confederation of All India Traders said the deal will lead to monopoly and consequently unfair domination by ...",negative,-0.9412407,negative,-0.90497553
2020-08-31,Business Standard,Reliance Retail Likely To Cut Down On Back-End Staff After Future Deal,"Store staff to be retained, say sources",negative,-0.95738655,neutral,-0.047837876
2020-08-31,Business Standard,Sensex Tumbles 839 Pts On Broad-Based Sell-Off; Nifty Bank Declines Over 3%,All that happened in the markets today,negative,-0.9492387,neutral,-0.013500638
2020-08-31,Business Standard,"Trading Strategy For Ril, Future Retail, Future Consumer, Future Lifestyle",The deal between the retail arm of RIL and Future Group has brought back focus on the related stocks. Here are the key levels track before you make an...,neutral,0.009518154,positive,0.5135327
2020-08-31,Business Standard,Ril-Future Group Deal: Ril Shares Rally Over 2.5%; Future Group Stocks Jump,"Shares of RIL had hit an all-time high of Rs 2,198.70 on July 27, 2020.",positive,0.86432964,positive,0.8194159
2020-08-31,Business Standard,The Future Is In Good Hands; But Will The Promoter Buyout Come Later?,"Mukesh Ambani, despite being a later starter in the Retail Business, is today the undisputed emperor.",neutral,0.07300918,neutral,0.09095564
2020-08-31,Business Standard,"Stocks To Watch: Ril, Itc, Rbl Bank, Wockhardt, Financials, Jk Cement",Here's a list of the stocks that may trade actively in today's trading session,neutral,0.0045994315,neutral,0.014750253
2020-08-31,Business Standard,"Reliance-Future Group Deal To Save Lenders From Rs 12,000-Crore Hit",The financial instruments of Future group have gone through multiple rating downgrades in recent months due to the delay in payments,positive,0.9020899,negative,-0.9492762
2020-08-31,Business Standard,Ambani-Biyani Deal: Ril Spreads Wings To Become A Dominant Player In Retail,"Gets scale, massive presence, higher valuation of its retail business, and inherits the entire logistics and distribution chain",positive,0.9264625,positive,0.7123737
2020-08-31,Business Standard,Bpcl Consumers To Get Cooking Gas Subsidy After Privatisation Too,Move may open up subsidised LPG sector to private marketers,positive,0.53492236,positive,0.7719457
2020-08-30,Press Trust of India,"Future Goes To Ril: Biyani, Pioneer Of Retail, Bows To Winds Of Change","Biyani (59), who started his business in 1987 by launching Manz Wear which later adopted the brand name of Pantaloon, has agreed to hand over the cont...",neutral,0.18151726,neutral,0.35211697
2020-08-29,Business Standard,"Future Enterprises Board Meet On September 7, To Take Up Ril Deal Today",Company's board to meet today on sale of retail arms to RIL,neutral,0.021699632,neutral,0.015087821
2020-08-28,Business Standard,Jiomart Sees Order Flow At Four Times Of Pre-Lockdown Period For Kiranas,"Robust omni-channel network in the offing, says Reliance Retail's FY20 annual report",neutral,0.025045646,positive,0.921655
2020-08-28,Business Standard,"Telecom Stocks Rally; Vodafone Idea Surges 17%, Bharti Airtel Up 2%",The telecom companies are awaiting the Supreme Court's judgement in the adjusted gross revenue (AGR) case,positive,0.8382614,neutral,-0.036988698
2020-08-27,Business Standard,"F&O Expiry: Indices Gain For 5Th Day, Nifty Above 11,550; Dlf Advances 10%",All that happened in the markets today,positive,0.830159,neutral,-0.013500638
2020-08-27,Business Standard,"Future Enterprises' Board To Meet On Saturday, To Discuss Raising Funds",A source said the board would also look at the proposal to merge three other listed entities of the Future group with FEL,neutral,0.054424737,neutral,0.013874114
2020-08-21,Business Standard,Bharti Airtel Gets Ready To Take On Reliance Jio In 5G Vran Space,Tech to be tested once spectrum is available,neutral,0.37151337,neutral,0.108748585
2020-08-21,Business Standard,Future Enterprises Board Likely To Discuss Merger Plan On Saturday,RIL may pick up 50% in merged entity,neutral,0.0066489074,neutral,0.12993506
2020-08-19,Business Standard,Chemists' Body Writes To Mukesh Ambani Against Ril'S Investment In Netmeds,"The letter has also been addressed to Prime Minister Narendra Modi, Union Home Minister Amit Shah, Commerce and Industry Minister Piyush Goyal and oth...",negative,-0.6762218,neutral,0.07379483
2020-08-19,Business Standard,"From Telecom To Retail, Ril Splurges $3.1 Bn In 3 Years On Acquisitions",Netmeds latest in long list of firms in which it has picked up stakes,positive,0.6025604,neutral,0.35555515
2020-08-19,Business Standard,"Market Wrap: Indices Gain For 3Rd Day, Sensex Up 86 Pts; Psu Banks Rally",All that happened in the markets today,positive,0.86792296,neutral,-0.013500638
2020-08-19,Business Standard,Consolidation In The E-Pharmacy Space And The Reliance Industries Game Plan,"The Netmeds acquisition will help it enter online drug sales, making it an integrated player. The firm has a ready customer base of 400 mn mobile user...",neutral,0.40682104,positive,0.87909085
2020-08-19,Business Standard,"Ril, Indiabulls Real Estate: How To Trade These News-Driven Stocks",Here are the key levels for the two stocks you need to keep a tab on before making any fresh investment in these counters,neutral,0.046774354,neutral,0.02273634
2020-08-19,Business Standard,Ril Shares Gain Nearly 1.5% Post Acquisition Of Majority Stake In Netmeds,RIL's acquisition comes at a time when arch-rival Amazon has just started selling pharmaceutical products in Bangalore markets.,positive,0.9233196,neutral,0.45779347
2020-08-19,Business Standard,"Stocks To Watch: Ril, Indiabulls Real Estate, Zeel, Hal, Muthoot Finance",Here's a list of stocks that may trade actively in today's trading session.,neutral,0.012626557,neutral,0.009670101
2020-08-18,Bloomberg,"Richest Asian, Mukesh Ambani Is On A Shopping Spree In Race Against Amazon","Reliance Industries Ltd is in various stages of negotiations to either buy out or purchase stakes in Urban Ladder, Zivame, Netmeds",neutral,-0.059383787,neutral,0.09235887
2020-08-18,Business Standard,"Hdfc Bank, Ril Help Sensex Settle 478 Pts Higher; Nifty Ends At 11,385",All that happened in the markets today,positive,0.8694733,neutral,-0.013500638
2020-08-17,Business Standard,"Stocks To Watch: Tata Steel, Tata Motors, Icici Bank, Ril, Berger Paints",Here's a list of stocks that may trade actively in today's trading session.,neutral,-0.0009958204,neutral,0.009670101
2020-08-17,Business Standard,"Reliance In Talks To Acquire Urban Ladder, Milkbasket, Says Report","According to a report, the discussion with Urban Ladder has been going on for the last few months and is now at an advanced stage",neutral,0.36545122,neutral,0.12413638
2020-08-15,Business Standard,"Changing Times: Social Puts The Zing Into E-Commerce In Tier-2, 3 Cities",Investors pouring big bucks into social commerce to tap India's large lower income group market,neutral,0.117124334,positive,0.7177044
2020-08-14,Business Standard,Telecom Stocks Trade Flat Ahead Of Today'S Sc Hearing On Agr Payments,"In its last hearing, the SC had asked the Centre to prepare a plan for recovering AGR dues from bankrupt telecom operators",negative,-0.9416193,positive,0.6689747
2020-08-14,Business Standard,Stock Of This Ril-Owned Company Has Jumped 600% From March Low,"The rally, some analysts argue, comes on the back of the company's change in focus from being a textile play to manufacturing protective gear in battl...",positive,0.9271512,positive,0.79670465
2020-08-13,Reuters,Bytedance In Talks With Reliance For Investment In Tiktok: Report,"The government in June banned 59 Chinese apps, including TikTok and WeChat, for threatening its ""sovereignty and integrity"" after border tensions with...",neutral,0.072456256,negative,-0.88159126
2020-08-12,Business Standard,"Reliance Plans To Follow Jio'S Success In E-Commerce, Retail, Other Biz","Next on the list: media and entertainment, e-commerce, a series of online businesses, and retail",positive,0.81655073,neutral,-0.0070455354
2020-08-12,Press Trust of India,"Reliance Jumps 10 Places, Breaks Into Fortune'S Top 100 Global Companies",The oil-to-telecom conglomerate is ranked 96th in the 2020 ranking released by Fortune,positive,0.81637555,neutral,0.07501756
2020-08-10,Bloomberg,Aramco Still Working On Deal To Buy $15 Bn Stake In Reliance Industries,"Reliance's shares fell in mid-July after Chairman Mukesh Ambani said a transaction had been delayed ""due to unforeseen circumstances in the energy mar...",neutral,0.13651547,negative,-0.96433246
2020-08-10,Press Trust of India,Reliance'S Asset Monetisation Over 4 Months To Boost Credit Quality: S&P,The oil-to-telecom conglomerate has amassed Rs 2.1 trillion in investment proceeds since Facebook announced its investment in its digital unit Jio Pla...,positive,0.79493517,neutral,0.17980134
2020-08-10,Business Standard,"Market Wrap: Sensex Gains 142 Pts, Nifty Ends At 11,270; Pharma Stocks Zoom",All that happened in the markets today,positive,0.78295326,neutral,-0.013500638
2020-08-10,Business Standard,"Stocks To Watch: Defence-Related Stocks, Telcos, Ril, Cipla, Eveready, Bpcl",Here's a list of stocks that may remain in focus today,neutral,0.008305317,neutral,-0.020255128
2020-08-09,Press Trust of India,15-Year Plan To Convert Reliance Industries Into New Energy Company,"While the company will remain a user of crude oil and natural gas, it is looking to embrace new technologies to convert CO2 into useful products and c...",neutral,0.27209747,positive,0.84852666
2020-08-08,Bloomberg,"Mukesh Ambani Eclipses Europe'S Wealthiest Man, Becomes World'S 4Th Richest","Ambani has slowly been shifting his focus to e-commerce, with tech giants seeking to take a piece of India's fast-growing digital business",neutral,0.12170875,neutral,0.15888985
2020-08-08,Business Standard,Japanese E-Commerce Giant Rakuten Gets Indian Firms On Board For 5G,"Rakuten is tying up with Indian companies such as Sterlite Technologies for hardware and HCL, Wipro, and Tech Mahindra for software",positive,0.5889616,neutral,0.14619076
2020-08-05,Press Trust of India,Reliance Industries Now The Second Biggest Brand Globally After Apple,"""This year's highest entrant at number two, Reliance Industries excels on every attribute,"" FutureBrand said, releasing its 2020 Index",positive,0.4935621,positive,0.79406106
2020-08-05,Business Standard,Ril'S Heft Adds To Fund Managers' Woes As Stock Makes Up 20% Of Sensex,Large-cap MFs risk face risk of losing out on the rally,negative,-0.8142592,negative,-0.913755
2020-08-04,Business Standard,"Ril Close To Acquiring Future Retail, Finalises Plan With Lenders","RIL, Future stocks go up on finalisation of acquisition talks",neutral,0.16046268,positive,0.921652
2020-08-04,Business Standard,"Covid-19: From Ril, To Tata Projects, India Inc Goes For Antibody Testing","RIL, JSW, and Tata Projects, among others, testing all employees and also building databases",neutral,0.09749311,neutral,0.10361422
2020-08-01,Business Standard,"Time To Make 2G Telecom Services Part Of History, Says Mukesh Ambani",Reliance Jio shares platform with Bharti Airtel to ring in 25 years of mobile telephony,neutral,0.24130368,positive,0.7914619
2020-07-31,Business Standard,"Market Wrap: Sensex Slips 129 Pts, Nifty Ends At 11,073; Ril Declines 2%",All that happened in the markets today,negative,-0.9472438,neutral,-0.013500638
2020-07-31,Business Standard,Ril Slips Nearly 2% After June Quarter Result; Here'S What Brokerages Say,"For the April-June period, RIL reported a profit befote tax (PBT) of Rs 8,542 crore against Rs 14,366 crore in the year-ago period.",negative,-0.9149222,negative,-0.027882963
2020-07-31,Business Standard,"Stocks To Watch: Ril, Sbi, Tata Motors, Sun Pharma, Indian Oil, Wipro, Lvb",Here's a list of stocks that may remain in focus today,neutral,0.01849705,neutral,-0.020255128
2020-07-31,Business Standard,"Reliance Jio Pre-Tax Profit Zooms 147% In June Quarter, Revenue Up 33.7%","Ebitda for the June quarter grew 55.4 per cent to Rs 7,281 crore",positive,0.93636554,positive,0.931633
2020-07-31,Business Standard,"Ril'S Pre-Tax Profit Dips 40% As Covid-19 Hits Energy, Retail Businesses","Net profit surges 31%, boosted by exceptional gain of Rs 4,966 crore from BP transaction",negative,-0.957087,positive,0.9246292
2020-07-30,Business Standard,"Lic'S Portfolio Up 34% In Fy21 At Rs 5.79 Trn; Ril, Infy Top Contributors","The study is based on 351 companies' data from Capitaline Plus, where LIC held over 1 percentage point stake in the June quarter. These companies acco...",positive,0.9339696,neutral,0.035386212
2020-07-30,Business Standard,Ril'S Profit Before Tax Dips 6%; Petroleum Retail Biz Valued At $2.04 Bn,"Its total income stood at Rs 95,626 crore against Rs 165,199 crore recorded in April-June 2019 indicating improved margins",negative,-0.89670235,positive,0.29108846
2020-07-30,Business Standard,"Ril Posts 31 % Yoy Rise In Q1 Consolidated Net Profit At Rs 13,233 Crore","Revenue from operations came in at Rs 91,238 crore, down 43.8 per cent from the June 2019 quarter",positive,0.9195493,negative,-0.9685041
2020-07-30,Business Standard,"F&O Expiry: Financials Drag Indices, Sensex Falls 335 Pts; Hdfc Slips 4%",All that happened in the markets today,negative,-0.95759606,neutral,-0.013500638
2020-07-30,Business Standard,"Stocks To Watch: Ril, Hdfc, Bharti Airtel, Indigo, Dabur India, Tvs Motor",Here's a list of stocks that may remain in focus today.,neutral,0.021303153,neutral,-0.018586852
